UF,Municipio
AC,RIO BRANCO
AC,SENA MADUREIRA
AC,PORTO ACRE
AC,SENADOR GUIOMARD
AC,PLACIDO DE CASTRO
AC,CAPIXABA
AC,BUJARI
AC,ASSIS BRASIL
AC,EPITACIOLANDIA
AC,XAPURI
AC,BRASILEIA
AL,RIO LARGO
AL,CACIMBINHAS
AL,PILAR
AL,PORTO REAL DO COLEGIO
AL,ESTRELA DE ALAGOAS
AL,JUNQUEIRO
AL,PALMEIRA DOS INDIOS
AL,ATALAIA
AL,IBATEGUARA
AL,UNIAO DOS PALMARES
AL,BRANQUINHA
AL,AGUA BRANCA
AL,SANTANA DO IPANEMA
AL,JOAQUIM GOMES
AL,MARIBONDO
AL,CANAPI
AL,NOVO LINO
AL,TANQUE DARCA
AL,SATUBA
AL,SAO MIGUEL DOS CAMPOS
AL,FLEXEIRAS
AL,BELEM
AL,MURICI
AL,MARECHAL DEODORO
AL,SAO JOSE DA LAJE
AL,JEQUIA DA PRAIA
AL,SAO SEBASTIAO
AL,IGACI
AL,DELMIRO GOUVEIA
AL,MESSIAS
AL,PARICONHA
AL,MACEIO
AL,INHAPI
AL,TEOTONIO VILELA
AL,POCO DAS TRINCHEIRAS
AL,OURO BRANCO
AL,CAMPO ALEGRE
AL,SAO BRAS
AL,MARAVILHA
AL,CAJUEIRO
AL,COQUEIRO SECO
AM,MANAUS
AM,HUMAITA
AM,PRESIDENTE FIGUEIREDO
AM,CANUTAMA
AM,CAREIRO
AM,CAREIRO DA VARZEA
AM,BERURI
AP,MACAPA
AP,PORTO GRANDE
AP,OIAPOQUE
AP,TARTARUGALZINHO
AP,CALCOENE
AP,FERREIRA GOMES
AP,LARANJAL DO JARI
BA,RIO REAL
BA,AMELIA RODRIGUES
BA,FEIRA DE SANTANA
BA,MUCURI
BA,JEREMOABO
BA,GOVERNADOR MANGABEIRA
BA,VITORIA DA CONQUISTA
BA,SERRINHA
BA,PORTO SEGURO
BA,ITAJUIPE
BA,BARREIRAS
BA,TEIXEIRA DE FREITAS
BA,RIACHAO DO JACUIPE
BA,TEODORO SAMPAIO
BA,RIBEIRA DO POMBAL
BA,SEABRA
BA,OLIVEIRA DOS BREJINHOS
BA,CANDIDO SALES
BA,ITAMARAJU
BA,SALVADOR
BA,SIMOES FILHO
BA,ALAGOINHAS
BA,NOVA VICOSA
BA,SAO SEBASTIAO DO PASSE
BA,ILHEUS
BA,NOVA ITARANA
BA,MUQUEM DE SAO FRANCISCO
BA,CANDEIAS
BA,IPIAU
BA,POCOES
BA,RAFAEL JAMBEIRO
BA,PALMEIRAS
BA,SANTO ESTEVAO
BA,WENCESLAU GUIMARAES
BA,LENCOIS
BA,EUNAPOLIS
BA,CORRENTINA
BA,AURELINO LEAL
BA,ITABELA
BA,ITABUNA
BA,MASCOTE
BA,SAO DESIDERIO
BA,SANTO ANTONIO DE JESUS
BA,PLANALTO
BA,IBITIARA
BA,JAGUAQUARA
BA,JEQUIE
BA,POJUCA
BA,CARAVELAS
BA,CAMACAN
BA,ITABERABA
BA,IBIRAPITANGA
BA,ITAGIMIRIM
BA,ARATACA
BA,LAJE
BA,RIACHAO DAS NEVES
BA,ITATIM
BA,JUAZEIRO
BA,PONTO NOVO
BA,CATU
BA,GANDU
BA,ITAPEBI
BA,CANDEAL
BA,TANQUINHO
BA,VEREDA
BA,CAPIM GROSSO
BA,JAGUARARI
BA,SAO JOSE DO JACUIPE
BA,BREJOES
BA,OLINDINA
BA,ARAMARI
BA,IBIQUERA
BA,CANUDOS
BA,CONCEICAO DA FEIRA
BA,LAMARAO
BA,IBOTIRAMA
BA,SAO JOSE DA VITORIA
BA,ESPLANADA
BA,INHAMBUPE
BA,ENCRUZILHADA
BA,CRUZ DAS ALMAS
BA,SANTA BARBARA
BA,MILAGRES
BA,BOA NOVA
BA,SENHOR DO BONFIM
BA,SAO GONCALO DOS CAMPOS
BA,SANTA TERESINHA
BA,CONCEICAO DO ALMEIDA
BA,CHORROCHO
BA,TEOFILANDIA
BA,LUIS EDUARDO MAGALHAES
BA,BUERAREMA
BA,PRESIDENTE TANCREDO NEVES
BA,TUCANO
BA,TEOLANDIA
BA,SANTA BRIGIDA
BA,CONCEICAO DO JACUIPE
BA,IBIRAPUA
BA,JITAUNA
BA,ITAQUARA
BA,IRAJUBA
BA,MUTUIPE
BA,URUCUCA
BA,BARRA DO ROCHA
BA,UBAITABA
BA,ANTONIO CARDOSO
BA,RUY BARBOSA
BA,MARAU
BA,FORMOSA DO RIO PRETO
BA,UBATA
BA,CICERO DANTAS
BA,ARACI
BA,NOVA FATIMA
BA,ANTAS
BA,NOVA SOURE
BA,PAULO AFONSO
BA,GAVIAO
BA,CRISTOPOLIS
BA,MURITIBA
BA,BROTAS DE MACAUBAS
BA,DARIO MEIRA
BA,ABARE
BA,LAJEDINHO
BA,SANTA INES
BA,ENTRE RIOS
BA,CORONEL JOAO SA
BA,MANOEL VITORINO
BA,QUIJINGUE
BA,ANDARAI
BA,BOA VISTA DO TUPIM
BA,CIPO
BA,EUCLIDES DA CUNHA
BA,VALENCA
BA,CALDEIRAO GRANDE
BA,PEDRO ALEXANDRE
BA,BARRO PRETO
BA,FILADELFIA
BA,SAPEACU
BA,SANTA CRUZ CABRALIA
BA,PRADO
BA,ITAPE
BA,MACURURE
BA,ALCOBACA
BA,ITACARE
BA,JIQUIRICA
BA,CASA NOVA
BA,RIBEIRA DO AMPARO
BA,JACOBINA
BA,CATOLANDIA
BA,SAO MIGUEL DAS MATAS
BA,PEDRAO
BA,CACHOEIRA
BA,OUROLANDIA
BA,QUIXABEIRA
BA,SANTO AMARO
BA,AIQUARA
BA,CAEM
CE,RUSSAS
CE,MARACANAU
CE,CAUCAIA
CE,CARIDADE
CE,JAGUARIBE
CE,FORTALEZA
CE,ICO
CE,CHOROZINHO
CE,ITAPAJE
CE,TIANGUA
CE,ARACATI
CE,MILAGRES
CE,IRAUCUBA
CE,UMIRIM
CE,TURURU
CE,CANINDE
CE,MORADA NOVA
CE,MARANGUAPE
CE,BAIXIO
CE,LIMOEIRO DO NORTE
CE,PACAJUS
CE,ITAITINGA
CE,IPAUMIRIM
CE,SOBRAL
CE,FORQUILHA
CE,SAO LUIS DO CURU
CE,JATI
CE,EUSEBIO
CE,HORIZONTE
CE,BEBERIBE
CE,BARRO
CE,SAO GONCALO DO AMARANTE
CE,ALTO SANTO
CE,AQUIRAZ
CE,UMARI
CE,JAGUARIBARA
CE,FRECHEIRINHA
CE,ITATIRA
CE,OCARA
CE,BOA VIAGEM
CE,TAUA
CE,FARIAS BRITO
CE,MADALENA
CE,BREJO SANTO
CE,PENAFORTE
CE,PEREIRO
CE,AMONTADA
CE,COREAU
CE,ITAPIPOCA
CE,PEDRA BRANCA
CE,PARAMBU
CE,VARZEA ALEGRE
CE,LAVRAS DA MANGABEIRA
CE,TABULEIRO DO NORTE
CE,CASCAVEL
CE,MILHA
CE,PALHANO
CE,UBAJARA
DF,BRASILIA
ES,SOORETAMA
ES,DOMINGOS MARTINS
ES,SAO MATEUS
ES,VIANA
ES,GUARAPARI
ES,CARIACICA
ES,SERRA
ES,CONCEICAO DA BARRA
ES,LINHARES
ES,ATILIO VIVACQUA
ES,COLATINA
ES,IBIRACU
ES,VENDA NOVA DO IMIGRANTE
ES,JOAO NEIVA
ES,MIMOSO DO SUL
ES,PEDRO CANARIO
ES,ICONHA
ES,ANCHIETA
ES,FUNDAO
ES,JAGUARE
ES,ITAPEMIRIM
ES,IBATIBA
ES,MARECHAL FLORIANO
ES,ARACRUZ
ES,VILA VELHA
ES,VITORIA
ES,RIO NOVO DO SUL
ES,IUNA
ES,BREJETUBA
ES,ALEGRE
ES,CACHOEIRO DE ITAPEMIRIM
ES,GUACUI
ES,MUQUI
ES,CONCEICAO DO CASTELO
ES,BAIXO GUANDU
ES,DORES DO RIO PRETO
ES,PINHEIROS
ES,MUNIZ FREIRE
ES,JERONIMO MONTEIRO
ES,PIUMA
ES,PRESIDENTE KENNEDY
ES,RIO BANANAL
GO,CATALAO
GO,RIO VERDE
GO,GOIANIA
GO,FORMOSA
GO,AGUAS LINDAS DE GOIAS
GO,FLORES DE GOIAS
GO,CAMPO ALEGRE DE GOIAS
GO,ABADIANIA
GO,VALPARAISO DE GOIAS
GO,JATAI
GO,LUZIANIA
GO,PADRE BERNARDO
GO,TEREZOPOLIS DE GOIAS
GO,APARECIDA DE GOIANIA
GO,URUACU
GO,ANAPOLIS
GO,GOIANAPOLIS
GO,ALVORADA DO NORTE
GO,CRISTALINA
GO,SIMOLANDIA
GO,PIRACANJUBA
GO,CORUMBA DE GOIAS
GO,ALEXANIA
GO,SANTO ANTONIO DA BARRA
GO,VILA PROPICIO
GO,MONTES CLAROS DE GOIAS
GO,SANTO ANTONIO DO DESCOBERTO
GO,ESTRELA DO NORTE
GO,GUAPO
GO,PROFESSOR JAMIL
GO,SAO FRANCISCO DE GOIAS
GO,MORRINHOS
GO,GOIATUBA
GO,TRINDADE
GO,MAURILANDIA
GO,CEZARINA
GO,PANAMA
GO,SANTA RITA DO ARAGUAIA
GO,HIDROLANDIA
GO,JANDAIA
GO,CUMARI
GO,PIRENOPOLIS
GO,SAO SIMAO
GO,MINEIROS
GO,PORANGATU
GO,JARAGUA
GO,BOM JESUS DE GOIAS
GO,SANTA TEREZA DE GOIAS
GO,COCALZINHO DE GOIAS
GO,POSSE
GO,ITUMBIARA
GO,VILA BOA
GO,PORTELANDIA
GO,RIALMA
GO,CACHOEIRA ALTA
GO,INDIARA
GO,CAIAPONIA
GO,MARA ROSA
GO,PORTEIRAO
GO,RIANAPOLIS
GO,ABADIA DE GOIAS
GO,SAO LUIZ DO NORTE
GO,ACREUNA
GO,NOVA GLORIA
GO,VARJAO
GO,BARRO ALTO
GO,SANTA HELENA DE GOIAS
GO,CAMPINORTE
GO,BOM JARDIM DE GOIAS
GO,APARECIDA DO RIO DOCE
GO,IPAMERI
GO,ITAPIRAPUA
GO,GOIAS
GO,HIDROLINA
GO,PIRANHAS
GO,NIQUELANDIA
GO,PARANAIGUARA
GO,ITABERAI
GO,GUARANI DE GOIAS
GO,ARAGARCAS
GO,JUSSARA
GO,ITAGUARI
GO,SANTA FE DE GOIAS
GO,SANTA RITA DO NOVO DESTINO
MA,CAXIAS
MA,IMPERATRIZ
MA,CHAPADINHA
MA,SAO LUIS
MA,BALSAS
MA,BACABEIRA
MA,GOVERNADOR EDISON LOBAO
MA,SANTA RITA
MA,BARRA DO CORDA
MA,CODO
MA,BACABAL
MA,ACAILANDIA
MA,ROSARIO
MA,PERITORO
MA,SANTA INES
MA,SANTA LUZIA
MA,ITAPECURU MIRIM
MA,SAO JOAO DOS PATOS
MA,BARAO DE GRAJAU
MA,RIACHAO
MA,LAJEADO NOVO
MA,PORTO FRANCO
MA,BELA VISTA DO MARANHAO
MA,ARARI
MA,TIMON
MA,DAVINOPOLIS
MA,SAO JOAO DO SOTER
MA,GRAJAU
MA,MIRANDA DO NORTE
MA,MATOES DO NORTE
MA,CAMPESTRE DO MARANHAO
MA,MORROS
MA,CAPINZAL DO NORTE
MA,RIBAMAR FIQUENE
MA,BOM JESUS DAS SELVAS
MA,CIDELANDIA
MA,SAMBAIBA
MA,VITORIA DO MEARIM
MA,ESTREITO
MA,SANTO AMARO DO MARANHAO
MA,SAO FRANCISCO DO BREJAO
MA,SITIO NOVO
MA,CAROLINA
MA,TUNTUM
MA,SAO FELIX DE BALSAS
MA,HUMBERTO DE CAMPOS
MA,BURITICUPU
MA,SUCUPIRA DO RIACHAO
MA,MONCAO
MA,VARGEM GRANDE
MA,ALTO ALEGRE DO MARANHAO
MA,SAO DOMINGOS DO AZEITAO
MA,ITINGA DO MARANHAO
MA,SAO RAIMUNDO DAS MANGABEIRAS
MA,LORETO
MA,ARAGUANA
MA,PIO XII
MA,PASTOS BONS
MA,PRESIDENTE DUTRA
MA,SANTO ANTONIO DOS LOPES
MA,DOM PEDRO
MA,ZE DOCA
MA,OLHO DAGUA DAS CUNHAS
MA,PARAIBANO
MA,SAO MATEUS DO MARANHAO
MA,IGARAPE DO MEIO
MA,BOM JARDIM
MA,GOVERNADOR EUGENIO BARROS
MA,PINDARE-MIRIM
MA,GOVERNADOR NUNES FREIRE
MA,COLINAS
MA,AXIXA
MA,JENIPAPO DOS VIEIRAS
MA,SANTA LUZIA DO PARUA
MG,NOVA ERA
MG,UBERLANDIA
MG,BETIM
MG,IPUIUNA
MG,SETE LAGOAS
MG,JOAO PINHEIRO
MG,IGARATINGA
MG,ITATIAIUCU
MG,OLIVEIRA FORTES
MG,IGARAPE
MG,CARMO DA CACHOEIRA
MG,SALINAS
MG,BARBACENA
MG,ARAGUARI
MG,BOM JESUS DO AMPARO
MG,NOVA SERRANA
MG,PIRAPORA
MG,PRATA
MG,JUATUBA
MG,CAETANOPOLIS
MG,CAMPANARIO
MG,CAMPANHA
MG,PARACATU
MG,ABRE CAMPO
MG,UBERABA
MG,ITABIRITO
MG,PARAOPEBA
MG,CURVELO
MG,SABARA
MG,ALFREDO VASCONCELOS
MG,BRUMADINHO
MG,LEOPOLDINA
MG,EUGENOPOLIS
MG,MURIAE
MG,MIRADOURO
MG,MONTE CARMELO
MG,EXTREMA
MG,CONTAGEM
MG,CAREACU
MG,LUZ
MG,CONGONHAS
MG,JOAO MONLEVADE
MG,FRUTA DE LEITE
MG,CONSELHEIRO LAFAIETE
MG,MEDINA
MG,RIBEIRAO DAS NEVES
MG,CENTRALINA
MG,FERVEDOURO
MG,AIURUOCA
MG,SAO JOAQUIM DE BICAS
MG,BELA VISTA DE MINAS
MG,LAVRAS
MG,BELO ORIENTE
MG,MANHUACU
MG,POCOS DE CALDAS
MG,FRUTAL
MG,CAMPOS ALTOS
MG,SANTO ANTONIO DO AMPARO
MG,BURITIZEIRO
MG,ITAPEVA
MG,TRES CORACOES
MG,MUZAMBINHO
MG,NOVA LIMA
MG,UBAPORANGA
MG,PERDOES
MG,POUSO ALEGRE
MG,JUIZ DE FORA
MG,PARA DE MINAS
MG,COMENDADOR GOMES
MG,TRES MARIAS
MG,CAMANDUCAIA
MG,PONTO DOS VOLANTES
MG,CAETE
MG,TEOFILO OTONI
MG,SAO GONCALO DO RIO ABAIXO
MG,FELIXLANDIA
MG,CAMPO FLORIDO
MG,PATOS DE MINAS
MG,BAEPENDI
MG,SAO JOAO DO MANHUACU
MG,FRANCISCO SA
MG,SANTANA DO PARAISO
MG,SAO SEBASTIAO DA BELA VISTA
MG,SENADOR JOSE BENTO
MG,CARMOPOLIS DE MINAS
MG,ITUIUTABA
MG,CAMBUI
MG,BELO HORIZONTE
MG,SAO GONCALO DO SAPUCAI
MG,JAGUARACU
MG,CORONEL FABRICIANO
MG,SAO GONCALO DO ABAETE
MG,ARAPORA
MG,CORREGO DANTA
MG,SANTA LUZIA
MG,SANTOS DUMONT
MG,INHAPIM
MG,CACHOEIRA DE PAJEU
MG,CANAPOLIS
MG,GOVERNADOR VALADARES
MG,POUSO ALTO
MG,MONTES CLAROS
MG,ESTIVA
MG,SAO DOMINGOS DO PRATA
MG,PADRE PARAISO
MG,CARATINGA
MG,MATIPO
MG,ITAOBIM
MG,JEQUITAI
MG,OLIVEIRA
MG,OLARIA
MG,DOM CAVATI
MG,ANTONIO DIAS
MG,SANTA RITA DE MINAS
MG,BICAS
MG,ITAMBACURI
MG,LIBERDADE
MG,GRAO MOGOL
MG,ITAGUARA
MG,CATUJI
MG,MOEMA
MG,BARAO DE COCAIS
MG,JAMPRUCA
MG,RIO CASCA
MG,GUIMARANIA
MG,NOVA UNIAO
MG,MATEUS LEME
MG,MONTE ALEGRE DE MINAS
MG,SAO GONCALO DO PARA
MG,FRONTEIRA
MG,CARVALHOS
MG,CALDAS
MG,ROMARIA
MG,OURO PRETO
MG,ARAUJOS
MG,CARAI
MG,ALEM PARAIBA
MG,INDIANOPOLIS
MG,SAO FRANCISCO DO GLORIA
MG,ARAXA
MG,RIO MANSO
MG,LAGOA GRANDE
MG,LIMA DUARTE
MG,REDUTO
MG,PERDIZES
MG,FLORESTAL
MG,ESMERALDAS
MG,BANDEIRA DO SUL
MG,RESSAQUINHA
MG,PATROCINIO
MG,BOM JARDIM DE MINAS
MG,ARGIRITA
MG,CARANDAI
MG,CLARO DOS POCOES
MG,VARJAO DE MINAS
MG,DIVINO
MG,CONGONHAL
MG,IBIA
MG,BOM DESPACHO
MG,TARUMIRIM
MG,SANTA RITA DE CALDAS
MG,ITAMONTE
MG,ALPERCATA
MG,CURRAL DE DENTRO
MG,SANTO ANTONIO DO GRAMA
MG,BOTELHOS
MG,SIMAO PEREIRA
MG,CABO VERDE
MG,SERITINGA
MG,PERIQUITO
MG,PATROCINIO DO MURIAE
MG,SANTA BARBARA DO LESTE
MG,TIMOTEO
MG,ARANTINA
MG,SANTA VITORIA
MG,PEDRO LEOPOLDO
MG,GUAXUPE
MG,CAXAMBU
MG,NEPOMUCENO
MG,CRISTIANO OTONI
MG,MATIAS BARBOSA
MG,DELTA
MG,PADRE CARVALHO
MG,ENGENHEIRO CALDAS
MG,SACRAMENTO
MG,ORIZANIA
MG,NAQUE
MG,RIBEIRAO VERMELHO
MG,LARANJAL
MG,MARTINS SOARES
MG,SANTA CRUZ DE SALINAS
MG,PLANURA
MG,CAPIM BRANCO
MG,CONCEICAO DAS ALAGOAS
MG,PRESIDENTE OLEGARIO
MG,ITANHANDU
MG,VERISSIMO
MG,VARZEA DA PALMA
MG,EWBANK DA CAMARA
MG,CABECEIRA GRANDE
MG,BOA ESPERANCA
MG,IPATINGA
MG,GUARARA
MG,DIVISA ALEGRE
MG,MARIPA DE MINAS
MG,GURINHATA
MG,MATHIAS LOBATO
MG,FREI INOCENCIO
MG,AGUAS VERMELHAS
MG,CHIADOR
MG,ESTRELA DO SUL
MG,PEDRA AZUL
MG,RIO PIRACICABA
MS,RIO VERDE DE MATO GROSSO
MS,DOURADINA
MS,MUNDO NOVO
MS,NOVA ALVORADA DO SUL
MS,RIO BRILHANTE
MS,COXIM
MS,CAMPO GRANDE
MS,AGUA CLARA
MS,DOURADOS
MS,NIOAQUE
MS,MIRANDA
MS,PARANAIBA
MS,ITAQUIRAI
MS,TERENOS
MS,JARAGUARI
MS,JARDIM
MS,SAO GABRIEL DO OESTE
MS,PARAISO DAS AGUAS
MS,TRES LAGOAS
MS,CAARAPO
MS,SIDROLANDIA
MS,PORTO MURTINHO
MS,CAMAPUA
MS,PONTA PORA
MS,ANASTACIO
MS,NAVIRAI
MS,BANDEIRANTES
MS,DOIS IRMAOS DO BURITI
MS,CASSILANDIA
MS,ELDORADO
MS,MARACAJU
MS,RIBAS DO RIO PARDO
MS,APARECIDA DO TABOADO
MS,BATAGUASSU
MS,GUIA LOPES DA LAGUNA
MS,JUTI
MS,CORUMBA
MS,SONORA
MS,CHAPADAO DO SUL
MS,AQUIDAUANA
MS,CARACOL
MS,NOVA ANDRADINA
MS,BELA VISTA
MS,PEDRO GOMES
MS,SELVIRIA
MS,BRASILANDIA
MS,ALCINOPOLIS
MS,LADARIO
MS,COSTA RICA
MT,AGUA BOA
MT,DIAMANTINO
MT,SANTO ANTONIO DO LEVERGER
MT,JACIARA
MT,GENERAL CARNEIRO
MT,PEDRA PRETA
MT,RONDONOPOLIS
MT,MATUPA
MT,PONTES E LACERDA
MT,SORRISO
MT,POCONE
MT,GUARANTA DO NORTE
MT,ALTO ARAGUAIA
MT,COMODORO
MT,MIRASSOL DOESTE
MT,SINOP
MT,NOVA MUTUM
MT,LUCAS DO RIO VERDE
MT,DOM AQUINO
MT,BARRA DO GARCAS
MT,CUIABA
MT,PEIXOTO DE AZEVEDO
MT,PORTO ESPERIDIAO
MT,VARZEA GRANDE
MT,CONQUISTA DOESTE
MT,PRIMAVERA DO LESTE
MT,JUSCIMEIRA
MT,ITIQUIRA
MT,POXOREO
MT,ITAUBA
MT,ALTO GARCAS
MT,NOBRES
MT,CLAUDIA
MT,TERRA NOVA DO NORTE
MT,NOSSA SENHORA DO LIVRAMENTO
MT,JANGADA
MT,CACERES
MT,NOVA SANTA HELENA
MT,ROSARIO OESTE
MT,CAMPO VERDE
MT,VERA
MT,CAMPOS DE JULIO
MT,NOVA LACERDA
MT,VILA BELA DA SANTISSIMA TRINDADE
MT,VALE DE SAO DOMINGOS
MT,NOVA XAVANTINA
MT,CAMPO NOVO DO PARECIS
MT,GLORIA DOESTE
MT,BOM JESUS DO ARAGUAIA
MT,CANABRAVA DO NORTE
MT,RIBEIRAO CASCALHEIRA
MT,SAO PEDRO DA CIPA
MT,CANARANA
MT,FIGUEIROPOLIS DOESTE
MT,NORTELANDIA
MT,SAPEZAL
MT,JAURU
MT,PONTAL DO ARAGUAIA
PA,DOM ELISEU
PA,SANTA IZABEL DO PARA
PA,SANTA MARIA DO PARA
PA,MARABA
PA,SANTAREM
PA,BENEVIDES
PA,SAO JOAO DO ARAGUAIA
PA,PARAGOMINAS
PA,ANAPU
PA,VITORIA DO XINGU
PA,CASTANHAL
PA,AURORA DO PARA
PA,ULIANOPOLIS
PA,MAE DO RIO
PA,SAO MIGUEL DO GUAMA
PA,VISEU
PA,IPIXUNA DO PARA
PA,BONITO
PA,CAPANEMA
PA,MEDICILANDIA
PA,BRAGANCA
PA,SAO FRANCISCO DO PARA
PA,SANTA LUZIA DO PARA
PA,ITAITUBA
PA,IGARAPE-ACU
PA,CACHOEIRA DO PIRIA
PA,ELDORADO DO CARAJAS
PA,TRAIRAO
PA,NOVO REPARTIMENTO
PA,NOVO PROGRESSO
PA,REDENCAO
PA,TRACUATEUA
PA,ABEL FIGUEIREDO
PA,SAO DOMINGOS DO ARAGUAIA
PA,IRITUIA
PA,NOVA TIMBOTEUA
PA,BOM JESUS DO TOCANTINS
PA,BREJO GRANDE DO ARAGUAIA
PA,MARITUBA
PA,ALTAMIRA
PA,SAPUCAIA
PA,ITUPIRANGA
PA,RUROPOLIS
PA,BELTERRA
PA,SAO GERALDO DO ARAGUAIA
PA,RONDON DO PARA
PA,ANANINDEUA
PA,BRASIL NOVO
PA,PEIXE-BOI
PA,BELEM
PA,PLACAS
PA,TUCURUI
PA,URUARA
PB,CAJAZEIRAS
PB,CATINGUEIRA
PB,JOAO PESSOA
PB,CRUZ DO ESPIRITO SANTO
PB,SAO SEBASTIAO DE LAGOA DE  ROCA
PB,SAO BENTINHO
PB,BAYEUX
PB,MALTA
PB,SANTA RITA
PB,MAMANGUAPE
PB,RIACHAO DO BACAMARTE
PB,CAMPINA GRANDE
PB,POCINHOS
PB,CONDE
PB,SOUSA
PB,PATOS
PB,SOBRADO
PB,CABEDELO
PB,SAO MIGUEL DE TAIPU
PB,GURINHEM
PB,ALHANDRA
PB,CAAPORA
PB,POMBAL
PB,UIRAUNA
PB,SANTA LUZIA
PB,SUME
PB,SAO JOAO DO RIO DO PEIXE
PB,PEDRAS DE FOGO
PB,ESPERANCA
PB,INGA
PB,MARIZOPOLIS
PB,LAGOA SECA
PB,MATARACA
PB,SANTA TERESINHA
PB,CONDADO
PB,CALDAS BRANDAO
PB,BOA VISTA
PB,BARRA DE SANTANA
PB,SAO JOAO DO CARIRI
PB,ITAPORANGA
PB,JUNCO DO SERIDO
PB,SAO MAMEDE
PB,JUAZEIRINHO
PB,QUEIMADAS
PB,APARECIDA
PB,MASSARANDUBA
PB,MONTEIRO
PB,RIACHAO DO POCO
PB,QUIXABA
PB,SOLEDADE
PB,REMIGIO
PB,OLHO DAGUA
PB,ALCANTIL
PB,BOM JESUS
PB,SERRA BRANCA
PB,CACHOEIRA DOS INDIOS
PB,CUITE
PB,MOGEIRO
PB,NOVA FLORESTA
PB,SAO JOSE DE ESPINHARAS
PB,PAULISTA
PB,PIANCO
PB,RIO TINTO
PB,ASSUNCAO
PB,ALGODAO DE JANDAIRA
PB,EMAS
PE,GOIANA
PE,IGARASSU
PE,PAULISTA
PE,PETROLINA
PE,RECIFE
PE,SERTANIA
PE,CARUARU
PE,FLORES
PE,VENTUROSA
PE,SERRA TALHADA
PE,BELO JARDIM
PE,VITORIA DE SANTO ANTAO
PE,BELEM DE SAO FRANCISCO
PE,CABROBO
PE,CABO DE SANTO AGOSTINHO
PE,BUIQUE
PE,SAO CAITANO
PE,ABREU E LIMA
PE,IBIMIRIM
PE,ARCOVERDE
PE,PANELAS
PE,RIBEIRAO
PE,ESCADA
PE,POMBOS
PE,JABOATAO DOS GUARARAPES
PE,MORENO
PE,GRAVATA
PE,OROCO
PE,SAO LOURENCO DA MATA
PE,SALGUEIRO
PE,TAQUARITINGA DO NORTE
PE,IATI
PE,GARANHUNS
PE,BEZERROS
PE,AGRESTINA
PE,JATOBA
PE,PAUDALHO
PE,TACAIMBO
PE,SAO JOSE DO BELMONTE
PE,SANTA MARIA DA BOA VISTA
PE,PALMARES
PE,IPOJUCA
PE,PESQUEIRA
PE,TRACUNHAEM
PE,PETROLANDIA
PE,VERDEJANTE
PE,LAJEDO
PE,ITAPISSUMA
PE,OURICURI
PE,AGUA PRETA
PE,PEDRA
PE,CALUMBI
PE,TRINDADE
PE,ARARIPINA
PE,CAETES
PE,FLORESTA
PE,JUPI
PE,AFRANIO
PE,TORITAMA
PE,LAGOA GRANDE
PE,JUCATI
PE,PARANATAMA
PE,SAIRE
PE,AGUAS BELAS
PE,CARPINA
PE,CACHOEIRINHA
PE,NAZARE DA MATA
PE,CUSTODIA
PE,GAMELEIRA
PE,SAO JOAO
PE,JOAQUIM NABUCO
PE,SALOA
PE,PARNAMIRIM
PE,SANHARO
PE,ITAIBA
PE,TIMBAUBA
PE,ALIANCA
PE,XEXEU
PE,CALCADO
PE,MIRANDIBA
PE,CUPIRA
PE,BREJAO
PE,TERRA NOVA
PI,ALTOS
PI,TERESINA
PI,SAO JOAO DA FRONTEIRA
PI,FLORIANO
PI,ACAUA
PI,CAMPO GRANDE DO PIAUI
PI,MONTE ALEGRE DO PIAUI
PI,PICOS
PI,PARNAIBA
PI,AMARANTE
PI,ELESBAO VELOSO
PI,LUIS CORREIA
PI,SAO GONCALO DO GURGUEIA
PI,GILBUES
PI,OEIRAS
PI,BOM JESUS
PI,FRANCISCO MACEDO
PI,BURITI DOS LOPES
PI,CORRENTE
PI,BRASILEIRA
PI,MONSENHOR GIL
PI,AGUA BRANCA
PI,SANTO ANTONIO DE LISBOA
PI,BERTOLINIA
PI,PIRACURUCA
PI,CAMPO MAIOR
PI,SANTA LUZ
PI,FRANCISCO AYRES
PI,GEMINIANO
PI,LAGOA DO PIAUI
PI,LAGOINHA DO PIAUI
PI,JACOBINA DO PIAUI
PI,DEMERVAL LOBAO
PI,CRISTINO CASTRO
PI,COLONIA DO GURGUEIA
PI,MARCOLANDIA
PI,JAICOS
PI,CRISTALANDIA DO PIAUI
PI,PIRIPIRI
PI,REDENCAO DO GURGUEIA
PI,VALENCA DO PIAUI
PI,MANOEL EMIDIO
PI,INHUMA
PI,SAO PEDRO DO PIAUI
PI,DOM EXPEDITO LOPES
PI,PATOS DO PIAUI
PI,ALVORADA DO GURGUEIA
PI,NAZARE DO PIAUI
PI,SAO RAIMUNDO NONATO
PI,OLHO DAGUA DO PIAUI
PI,CAJUEIRO DA PRAIA
PI,COCAL
PI,ELISEU MARTINS
PI,ALEGRETE DO PIAUI
PI,ANGICAL DO PIAUI
PI,BOQUEIRAO DO PIAUI
PI,FRONTEIRAS
PI,IPIRANGA DO PIAUI
PI,PASSAGEM FRANCA DO PIAUI
PI,FRANCISCO SANTOS
PI,PAULISTANA
PI,JERUMENHA
PI,COCAL DE TELHA
PI,VILA NOVA DO PIAUI
PI,CAPITAO DE CAMPOS
PI,CAXINGO
PI,SAO FRANCISCO DO PIAUI
PI,SAO JOAO DA VARJOTA
PI,CORONEL JOSE DIAS
PI,BARRO DURO
PI,SAO JULIAO
PI,MIGUEL LEAO
PI,SAO GONCALO DO PIAUI
PI,REGENERACAO
PI,CARAUBAS DO PIAUI
PI,MONSENHOR HIPOLITO
PR,PONTA GROSSA
PR,MARINGA
PR,TIBAGI
PR,CAMPO BONITO
PR,CASCAVEL
PR,PARANAGUA
PR,GUARANIACU
PR,MATELANDIA
PR,TIJUCAS DO SUL
PR,PALMEIRA
PR,JACAREZINHO
PR,CAMPO MOURAO
PR,SAO JOSE DOS PINHAIS
PR,CURITIBA
PR,GUARAPUAVA
PR,VIRMOND
PR,ARAPONGAS
PR,PRANCHITA
PR,CAMPINA GRANDE DO SUL
PR,COLOMBO
PR,RIO AZUL
PR,MANDAGUARI
PR,CAMPO LARGO
PR,FERNANDES PINHEIRO
PR,SARANDI
PR,MERCEDES
PR,MORRETES
PR,LARANJEIRAS DO SUL
PR,APUCARANA
PR,VENTANIA
PR,MANDIRITUBA
PR,BOCAIUVA DO SUL
PR,PRUDENTOPOLIS
PR,LONDRINA
PR,GUARATUBA
PR,SANTA LUCIA
PR,ANTONINA
PR,GUAIRA
PR,MAUA DA SERRA
PR,IBIPORA
PR,MARIALVA
PR,FAZENDA RIO GRANDE
PR,BOM SUCESSO
PR,CONTENDA
PR,CORONEL VIVIDA
PR,MALLET
PR,IRATI
PR,BANDEIRANTES
PR,LAPA
PR,PORTO VITORIA
PR,TERRA ROXA
PR,ARAUCARIA
PR,NOVA LARANJEIRAS
PR,MEDIANEIRA
PR,BALSA NOVA
PR,IPIRANGA
PR,QUATRO BARRAS
PR,SAO MATEUS DO SUL
PR,FOZ DO IGUACU
PR,SANTO ANTONIO DA PLATINA
PR,UNIAO DA VITORIA
PR,MARILANDIA DO SUL
PR,PAULA FREITAS
PR,ORTIGUEIRA
PR,JANIOPOLIS
PR,REBOUCAS
PR,LINDOESTE
PR,CEU AZUL
PR,QUATRO PONTES
PR,URAI
PR,CANDOI
PR,ROLANDIA
PR,REALEZA
PR,IBEMA
PR,SANTA TEREZINHA DE ITAIPU
PR,SANTA MARIANA
PR,PATO BRANCO
PR,MANDAGUACU
PR,MARECHAL CANDIDO RONDON
PR,ADRIANOPOLIS
PR,QUITANDINHA
PR,IMBAU
PR,PALMITAL
PR,TOLEDO
PR,IMBITUVA
PR,JATAIZINHO
PR,PIRAQUARA
PR,SAO MIGUEL DO IGUACU
PR,MAMBORE
PR,CATANDUVAS
PR,CORNELIO PROCOPIO
PR,CAMBE
PR,BARRACAO
PR,PARANAVAI
PR,ANDIRA
PR,GUAMIRANGA
PR,CANTAGALO
PR,JURANDA
PR,MARQUINHO
PR,PAULO FRONTIN
PR,ALTO PARANA
PR,CONSELHEIRO MAIRINCK
PR,GUAIRACA
PR,FLOR DA SERRA DO SUL
PR,PRESIDENTE CASTELO BRANCO
PR,PORTO AMAZONAS
PR,CALIFORNIA
PR,CAPANEMA
PR,IBAITI
PR,NOVA LONDRINA
PR,CAMBIRA
PR,CAMPO DO TENENTE
PR,SANTA TEREZA DO OESTE
PR,ANTONIO OLINTO
PR,LOANDA
PR,RIO NEGRO
PR,NOVA ESPERANCA
PR,CAPITAO LEONIDAS MARQUES
PR,CAMBARA
PR,SANTO ANTONIO DO SUDOESTE
PR,BOM JESUS DO SUL
PR,GENERAL CARNEIRO
PR,PEROLA DOESTE
PR,ARARUNA
PR,CHOPINZINHO
PR,FRANCISCO ALVES
PR,CORBELIA
PR,JANDAIA DO SUL
PR,PLANALTO
PR,FAROL
PR,TUNAS DO PARANA
PR,JAPIRA
PR,CRUZEIRO DO OESTE
PR,MARMELEIRO
PR,UBIRATA
PR,GUAPIRAMA
PR,TUNEIRAS DO OESTE
PR,CIANORTE
PR,GOIOERE
PR,TEIXEIRA SOARES
PR,FOZ DO JORDAO
RJ,DUQUE DE CAXIAS
RJ,ANGRA DOS REIS
RJ,ITABORAI
RJ,MANGARATIBA
RJ,NOVA IGUACU
RJ,ITAGUAI
RJ,PETROPOLIS
RJ,BARRA MANSA
RJ,ITAPERUNA
RJ,AREAL
RJ,SAPUCAIA
RJ,PIRAI
RJ,MACAE
RJ,PARATY
RJ,CAMPOS DOS GOYTACAZES
RJ,TERESOPOLIS
RJ,NITEROI
RJ,MAGE
RJ,SEROPEDICA
RJ,GUAPIMIRIM
RJ,SAO GONCALO
RJ,RIO BONITO
RJ,BARRA DO PIRAI
RJ,SILVA JARDIM
RJ,RESENDE
RJ,VOLTA REDONDA
RJ,PINHEIRAL
RJ,TANGUA
RJ,RIO DE JANEIRO
RJ,ITATIAIA
RJ,SAO JOAO DE MERITI
RJ,QUEIMADOS
RJ,CARDOSO MOREIRA
RJ,SAO JOAO DA BARRA
RJ,ITALVA
RJ,PORTO REAL
RJ,RIO DAS OSTRAS
RJ,TRES RIOS
RJ,VASSOURAS
RJ,BELFORD ROXO
RJ,CASIMIRO DE ABREU
RJ,CONCEICAO DE MACABU
RJ,PARACAMBI
RJ,PARAIBA DO SUL
RJ,COMENDADOR LEVY GASPARIAN
RJ,JAPERI
RJ,MESQUITA
RJ,CARMO
RJ,SAO JOSE DO VALE DO RIO PRETO
RJ,QUATIS
RJ,CARAPEBUS
RN,MACAIBA
RN,NATAL
RN,CANGUARETAMA
RN,APODI
RN,AREIA BRANCA
RN,EXTREMOZ
RN,MOSSORO
RN,ARES
RN,PARNAMIRIM
RN,LAJES
RN,CAICO
RN,SAO GONCALO DO AMARANTE
RN,SAO JOSE DE MIPIBU
RN,CEARA-MIRIM
RN,SANTA CRUZ
RN,JARDIM DO SERIDO
RN,ITAJA
RN,RIACHUELO
RN,RAFAEL FERNANDES
RN,CAICARA DO RIO DO VENTO
RN,POCO BRANCO
RN,CURRAIS NOVOS
RN,TANGARA
RN,ACARI
RN,ANGICOS
RN,MAXARANGUAPE
RN,SENADOR ELOI DE SOUZA
RN,TAIPU
RN,SERRA NEGRA DO NORTE
RN,SERRA CAIADA
RN,MACAU
RN,GOIANINHA
RN,JOAO CAMARA
RN,SAO PEDRO
RN,UPANEMA
RN,MESSIAS TARGINO
RN,PAU DOS FERROS
RN,SANTA MARIA
RN,ACU
RN,JOSE DA PENHA
RN,GOVERNADOR DIX-SEPT ROSADO
RN,JUCURUTU
RN,SAO FRANCISCO DO OESTE
RN,BOM JESUS
RN,CAMPO REDONDO
RN,FERNANDO PEDROZA
RN,PATU
RN,JANDUIS
RN,RIO DO FOGO
RN,TABOLEIRO GRANDE
RN,AUGUSTO SEVERO
RN,TRIUNFO POTIGUAR
RN,ITAU
RN,BAIA FORMOSA
RN,TOUROS
RN,MAJOR SALES
RN,LAJES PINTADAS
RN,JANDAIRA
RN,IPANGUACU
RN,NISIA FLORESTA
RN,ALMINO AFONSO
RN,SAO FERNANDO
RO,OURO PRETO DO OESTE
RO,PORTO VELHO
RO,VILHENA
RO,CACOAL
RO,JI-PARANA
RO,ALVORADA DOESTE
RO,JARU
RO,CANDEIAS DO JAMARI
RO,PRESIDENTE MEDICI
RO,PIMENTA BUENO
RO,ALTO PARAISO
RO,ARIQUEMES
RO,SAO MIGUEL DO GUAPORE
RO,ITAPUA DO OESTE
RO,MONTE NEGRO
RO,COLORADO DO OESTE
RO,CACAULANDIA
RO,SAO FRANCISCO DO GUAPORE
RO,CEREJEIRAS
RO,SERINGUEIRAS
RO,RIO CRESPO
RO,CUJUBIM
RO,NOVA MAMORE
RO,CHUPINGUAIA
RR,BOA VISTA
RR,MUCAJAI
RR,CANTA
RR,AMAJARI
RR,BONFIM
RR,RORAINOPOLIS
RR,PACARAIMA
RR,IRACEMA
RR,CARACARAI
RR,SAO JOAO DA BALIZA
RR,NORMANDIA
RS,BOA VISTA DAS MISSOES
RS,CARLOS BARBOSA
RS,ROSARIO DO SUL
RS,TRES FORQUILHAS
RS,TORRES
RS,PORTO ALEGRE
RS,SANTO ANTONIO DA PATRULHA
RS,GRAVATAI
RS,CACAPAVA DO SUL
RS,OSORIO
RS,TERRA DE AREIA
RS,VACARIA
RS,IJUI
RS,CAMAQUA
RS,SANTA MARIA
RS,FAZENDA VILANOVA
RS,GUAIBA
RS,RIO GRANDE
RS,ELDORADO DO SUL
RS,CANOAS
RS,RIO PARDO
RS,NOVA SANTA RITA
RS,ALEGRETE
RS,URUGUAIANA
RS,MONTENEGRO
RS,MORRO REUTER
RS,CAXIAS DO SUL
RS,SANTIAGO
RS,ESTRELA
RS,BENTO GONCALVES
RS,TIO HUGO
RS,DOIS IRMAOS
RS,SAO LOURENCO DO SUL
RS,TABAI
RS,SOLEDADE
RS,ESTEIO
RS,NOVO HAMBURGO
RS,SAO LEOPOLDO
RS,SAO BORJA
RS,MUITOS CAPOES
RS,CACHOEIRA DO SUL
RS,JULIO DE CASTILHOS
RS,SALVADOR DO SUL
RS,SALDANHA MARINHO
RS,TRIUNFO
RS,CAPAO DO LEAO
RS,PALMEIRA DAS MISSOES
RS,ARROIO DOS RATOS
RS,ROQUE GONZALES
RS,MATO CASTELHANO
RS,CASEIROS
RS,SAPUCAIA DO SUL
RS,SANTANA DA BOA VISTA
RS,BARRA DO RIBEIRO
RS,SAO MARCOS
RS,MORMACO
RS,GARIBALDI
RS,TRES CACHOEIRAS
RS,ESTANCIA VELHA
RS,SAO VICENTE DO SUL
RS,SAO GABRIEL
RS,LAJEADO
RS,ERECHIM
RS,AGUA SANTA
RS,MARQUES DE SOUZA
RS,SANTA MARGARIDA DO SUL
RS,PASSO FUNDO
RS,CRUZ ALTA
RS,GLORINHA
RS,POUSO NOVO
RS,TRES PASSOS
RS,FONTOURA XAVIER
RS,CARAZINHO
RS,PELOTAS
RS,CACHOEIRINHA
RS,BAGE
RS,SANTO ANTONIO DAS MISSOES
RS,VILA FLORES
RS,PEJUCARA
RS,CERRO LARGO
RS,CHUI
RS,SANTANA DO LIVRAMENTO
RS,CANGUCU
RS,IVOTI
RS,PANTANO GRANDE
RS,SAO SEPE
RS,BOM JESUS
RS,BOA VISTA DO BURICA
RS,BARAO DE COTEGIPE
RS,MONTE ALEGRE DOS CAMPOS
RS,PICADA CAFE
RS,LAGOA VERMELHA
RS,VERANOPOLIS
RS,DOM PEDRO DE ALCANTARA
RS,MAQUINE
RS,JAGUARAO
RS,DOM PEDRITO
RS,SAO JOSE DOS AUSENTES
RS,BARRACAO
RS,VICTOR GRAEFF
RS,PINHEIRO MACHADO
RS,SAO JOSE DO HERVAL
RS,SARANDI
RS,ITAARA
RS,HULHA NEGRA
RS,BARAO
RS,PAVERAMA
RS,SANTA CRUZ DO SUL
RS,VILA NOVA DO SUL
RS,TRES ARROIOS
RS,PANAMBI
RS,SEBERI
RS,FREDERICO WESTPHALEN
RS,SETE DE SETEMBRO
RS,MINAS DO LEAO
RS,SAO PEDRO DO SUL
RS,PIRATINI
RS,NOVA PRATA
RS,ARROIO GRANDE
RS,SAO LUIZ GONZAGA
RS,BUTIA
RS,SAO JOSE DO SUL
RS,CIRIACO
RS,LAJEADO DO BUGRE
RS,IRAI
RS,CAMPO NOVO
RS,BARRA DO QUARAI
RS,SANTA BARBARA DO SUL
RS,SAO PEDRO DO BUTIA
RS,SANTO ANTONIO DO PLANALTO
RS,TRES DE MAIO
RS,CORONEL BARROS
RS,PEDRO OSORIO
RS,VITORIA DAS MISSOES
RS,JAGUARI
RS,CRISTAL
RS,ENTRE-IJUIS
RS,ALMIRANTE TAMANDARE DO SUL
RS,BOM PROGRESSO
RS,SAO MIGUEL DAS MISSOES
RS,CERRITO
RS,TUPANCIRETA
RS,CONDOR
RS,SAO PEDRO DA SERRA
RS,TAQUARI
RS,CAMPESTRE DA SERRA
RS,SEVERIANO DE ALMEIDA
RS,SANTO CRISTO
RS,SANTA VITORIA DO PALMAR
RS,SALVADOR DAS MISSOES
RS,BOZANO
RS,DILERMANDO DE AGUIAR
RS,GUARANI DAS MISSOES
RS,ITAQUI
RS,MARCELINO RAMOS
RS,ACEGUA
RS,NOVA PETROPOLIS
RS,TAPES
RS,PORTO XAVIER
RS,GENTIL
RS,COLORADO
RS,SAO JOSE DO INHACORA
RS,TIRADENTES DO SUL
RS,TURUCU
RS,SANTA ROSA
RS,UNISTALDA
RS,SANTO ANGELO
RS,SAO JOSE DAS MISSOES
RS,MORRO REDONDO
RS,QUARAI
RS,SAGRADA FAMILIA
RS,NOVA ESPERANCA DO SUL
RS,SENTINELA DO SUL
RS,BOSSOROCA
RS,CORONEL BICACO
RS,CANDIOTA
RS,SANTO AUGUSTO
RS,BOM RETIRO DO SUL
RS,SAO MARTINHO
RS,ANDRE DA ROCHA
RS,CONSTANTINA
RS,TUPANCI DO SUL
RS,NOVO CABRAIS
SC,GARUVA
SC,GASPAR
SC,CUNHA PORA
SC,PAPANDUVA
SC,INDAIAL
SC,ICARA
SC,PALHOCA
SC,LAGES
SC,ARAQUARI
SC,CANOINHAS
SC,LONTRAS
SC,BOCAINA DO SUL
SC,BIGUACU
SC,ITAPEMA
SC,SAO JOSE
SC,BARRA VELHA
SC,BALNEARIO PICARRAS
SC,POUSO REDONDO
SC,ITAJAI
SC,BOM RETIRO
SC,CURITIBANOS
SC,CONCORDIA
SC,JOINVILLE
SC,PORTO BELO
SC,TIJUCAS
SC,BLUMENAU
SC,MAFRA
SC,BALNEARIO CAMBORIU
SC,CAMPOS NOVOS
SC,SAO CRISTOVAO DO SUL
SC,FLORIANOPOLIS
SC,SANTO AMARO DA IMPERATRIZ
SC,CORREIA PINTO
SC,MARAVILHA
SC,RANCHO QUEIMADO
SC,GUARAMIRIM
SC,SAO FRANCISCO DO SUL
SC,IBIRAMA
SC,AGUAS MORNAS
SC,PAULO LOPES
SC,IRANI
SC,SAO BENTO DO SUL
SC,PONTE SERRADA
SC,SANTA CECILIA
SC,PORTO UNIAO
SC,RIO NEGRINHO
SC,LAGUNA
SC,DESCANSO
SC,SAO MIGUEL DO OESTE
SC,SANGAO
SC,TUBARAO
SC,RODEIO
SC,SAO JOSE DO CERRITO
SC,PASSO DE TORRES
SC,ASCURRA
SC,ARARANGUA
SC,GUARACIABA
SC,APIUNA
SC,SOMBRIO
SC,PONTE ALTA
SC,ALFREDO WAGNER
SC,XAXIM
SC,TROMBUDO CENTRAL
SC,PESCARIA BRAVA
SC,XANXERE
SC,NAVEGANTES
SC,AGUA DOCE
SC,CAPAO ALTO
SC,JOACABA
SC,RIO DO SUL
SC,IMBITUBA
SC,PENHA
SC,SANTA ROSA DO SUL
SC,VARGEM BONITA
SC,CHAPECO
SC,CORUPA
SC,AGRONOMICA
SC,CAPIVARI DE BAIXO
SC,MARACAJA
SC,DIONISIO CERQUEIRA
SC,PINHALZINHO
SC,CRICIUMA
SC,JARAGUA DO SUL
SC,SAO JOSE DO CEDRO
SC,TREZE DE MAIO
SC,MONTE CASTELO
SC,TRES BARRAS
SC,HERVAL DOESTE
SC,IRINEOPOLIS
SC,GAROPABA
SC,FAXINAL DOS GUEDES
SC,CATANDUVAS
SC,NOVA ERECHIM
SC,ITAIOPOLIS
SC,VARGEM
SC,BRUNOPOLIS
SC,ERVAL VELHO
SC,NOVA ITABERABA
SC,VARGEAO
SC,JAGUARUNA
SC,PONTE ALTA DO NORTE
SC,PALMITOS
SC,CAIBI
SC,SAO JOAO DO SUL
SC,IRACEMINHA
SC,SAUDADES
SC,CORDILHEIRA ALTA
SC,GUARUJA DO SUL
SC,PARAISO
SC,ILHOTA
SC,GOVERNADOR CELSO RAMOS
SC,CAMBORIU
SC,PALMA SOLA
SC,LAURENTINO
SE,ESTANCIA
SE,MARUIM
SE,ITABAIANA
SE,SAO CRISTOVAO
SE,JAPARATUBA
SE,CRISTINAPOLIS
SE,NOSSA SENHORA DO SOCORRO
SE,MALHADA DOS BOIS
SE,UMBAUBA
SE,AREIA BRANCA
SE,MURIBECA
SE,SANTA LUZIA DO ITANHY
SE,CEDRO DE SAO JOAO
SE,ARACAJU
SE,LARANJEIRAS
SE,SAO FRANCISCO
SE,ITAPORANGA DAJUDA
SE,CAPELA
SE,PROPRIA
SE,ROSARIO DO CATETE
SE,FREI PAULO
SE,CARIRA
SE,CARMOPOLIS
SP,GUARULHOS
SP,UBATUBA
SP,SAO PAULO
SP,ROSEIRA
SP,LAVRINHAS
SP,ITAPECERICA DA SERRA
SP,SAO LOURENCO DA SERRA
SP,QUELUZ
SP,PINDAMONHANGABA
SP,JUQUIA
SP,ATIBAIA
SP,VARGEM
SP,CAJATI
SP,MAIRIPORA
SP,TABOAO DA SERRA
SP,CRUZEIRO
SP,SAO JOSE DO RIO PRETO
SP,UBARANA
SP,TAUBATE
SP,BARRA DO TURVO
SP,GUARATINGUETA
SP,ARUJA
SP,SAO JOSE DOS CAMPOS
SP,APARECIDA
SP,LORENA
SP,EMBU DAS ARTES
SP,GUAIMBE
SP,MIRACATU
SP,REGISTRO
SP,BRAGANCA PAULISTA
SP,SALTO GRANDE
SP,GUARAREMA
SP,BADY BASSITT
SP,CACAPAVA
SP,MARILIA
SP,JUQUITIBA
SP,JOSE BONIFACIO
SP,LINS
SP,ONDA VERDE
SP,SANTA ISABEL
SP,JACAREI
SP,OURINHOS
SP,NOVA GRANADA
SP,PIQUETE
SP,PARIQUERA-ACU
SP,PROMISSAO
SP,OCAUCU
SP,CANAS
SP,SILVEIRAS
SP,JACUPIRANGA
SP,CACHOEIRA PAULISTA
SP,MIRASSOL
SP,GUAICARA
SP,GETULINA
SP,JACI
SP,ICEM
SP,RIBEIRAO DO SUL
SP,CASTILHO
SP,SAO PEDRO DO TURVO
SP,CAMPOS NOVOS PAULISTA
TO,GURUPI
TO,COLINAS DO TOCANTINS
TO,ARAGUATINS
TO,GUARAI
TO,CARIRI DO TOCANTINS
TO,ARAGUAINA
TO,BARROLANDIA
TO,ALIANCA DO TOCANTINS
TO,RIO DOS BOIS
TO,ALVORADA
TO,TALISMA
TO,PARAISO DO TOCANTINS
TO,PEIXE
TO,FORTALEZA DO TABOCAO
TO,PALMEIRAS DO TOCANTINS
TO,NAZARE
TO,NOVA OLINDA
TO,FATIMA
TO,WANDERLANDIA
TO,MIRACEMA DO TOCANTINS
TO,CACHOEIRINHA
TO,PUGMIL
TO,MIRANORTE
TO,DARCINOPOLIS
TO,LUZINOPOLIS
TO,AGUIARNOPOLIS
TO,BRASILANDIA DO TOCANTINS
TO,DUERE
TO,CRIXAS DO TOCANTINS
TO,NOVA ROSALANDIA
TO,FORMOSO DO ARAGUAIA
TO,FIGUEIROPOLIS
TO,SAO BENTO DO TOCANTINS
TO,TUPIRAMA
TO,PALMAS
TO,PRESIDENTE KENNEDY
TO,PALMEIRANTE
TO,XAMBIOA
TO,PIRAQUE
TO,SANTA RITA DO TOCANTINS
TO,OLIVEIRA DE FATIMA
